PRE1,1,A01,Full Grand,Ap,A PIANO
PRE1,2,A02,BriteGrand,Ap,A PIANO
PRE1,3,A03,Dark Grand,Ap,A PIANO
PRE1,4,A04,RomanticPf,Ap,A PIANO
PRE1,5,A05,Glasgow,Ap,A PIANO
PRE1,6,A06,Mono Grand,Ap,A PIANO
PRE1,7,A07,Tacky,Ap,A PIANO
PRE1,8,A08,Ragtime,Ap,A PIANO
PRE1,9,A09,Aggressive,Ap,A PIANO
PRE1,10,A10,HousePiano,Ap,A PIANO
PRE1,11,A11,Home Piano,Ap,A PIANO
PRE1,12,A12,Old Blues,Ap,A PIANO
PRE1,13,A13,1968,Ap,A PIANO
PRE1,14,A14,Mono Comp,Ap,A PIANO
PRE1,15,A15,78rpmPiano,Ap,A PIANO
PRE1,16,A16,BalladKey,Ap,OTHER
PRE1,17,B01,80s Layer,Ap,OTHER
PRE1,18,B02,BaladStack,Ap,OTHER
PRE1,19,B03,PianoBack,Ap,OTHER
PRE1,20,B04,Piano&Strg,Ap,OTHER
PRE1,21,B05,Piano&Ooh,Ap,OTHER
PRE1,22,B06,HardCP80,Ap,E GRAND
PRE1,23,B07,CP80&EP,Kb,E.PIANO
PRE1,24,B08,Yama EP's,Kb,E.PIANO
PRE1,25,B09,DynoStrait,Kb,E.PIANO
PRE1,26,B10,ChorusDyno,Kb,E.PIANO
PRE1,27,B11,ChorusHard,Kb,E.PIANO
PRE1,28,B12,80th Boost,Kb,E.PIANO
PRE1,29,B13,R&B Soft,Kb,E.PIANO
PRE1,30,B14,Neo Soul,Kb,E.PIANO
PRE1,31,B15,HrdVintage,Kb,E.PIANO
PRE1,32,B16,Phaser Vin,Kb,E.PIANO
PRE1,33,C01,1983,Kb,E.PIANO
PRE1,34,C02,Soft Case,Kb,E.PIANO
PRE1,35,C03,Early 70's,Kb,E.PIANO
PRE1,36,C04,Vintage'74,Kb,E.PIANO
PRE1,37,C05,Sweetness,Kb,E.PIANO
PRE1,38,C06,VintagFase,Kb,E.PIANO
PRE1,39,C07,Max Tine,Kb,E.PIANO
PRE1,40,C08,Early Fusn,Kb,E.PIANO
PRE1,41,C09,VintagCase,Kb,E.PIANO
PRE1,42,C10,Contempo,Kb,E.PIANO
PRE1,43,C11,Mr. Klank,Kb,E.PIANO
PRE1,44,C12,E.PianoPad,Kb,OTHER
PRE1,45,C13,BellChorus,Kb,E.PIANO
PRE1,46,C14,FM E.Piano,Kb,E.PIANO
PRE1,47,C15,BalladEP,Kb,E.PIANO
PRE1,48,C16,SparkleTin,Kb,E.PIANO
PRE1,49,D01,TX802,Kb,E.PIANO
PRE1,50,D02,Bell DX,Kb,E.PIANO
PRE1,51,D03,Dark DX,Kb,E.PIANO
PRE1,52,D04,Beauty DX,Kb,E.PIANO
PRE1,53,D05,GS Tines,Kb,E.PIANO
PRE1,54,D06,AnaPiano,Kb,E.PIANO
PRE1,55,D07,AhrAmI,Kb,E.PIANO
PRE1,56,D08,Tine EP,Kb,E.PIANO
PRE1,57,D09,Analog EP,Kb,E.PIANO
PRE1,58,D10,WurliTrem,Kb,E.PIANO
PRE1,59,D11,WurliAmped,Kb,E.PIANO
PRE1,60,D12,Wurlix,Kb,E.PIANO
PRE1,61,D13,Vintg Clav,Kb,CLAVI
PRE1,62,D14,SuperClavi,Kb,CLAVI
PRE1,63,D15,StereoClav,Kb,CLAVI
PRE1,64,D16,HollowClav,Kb,CLAVI
PRE1,65,E01,Nu Phasing,Kb,CLAVI
PRE1,66,E02,PulseClavi,Kb,CLAVI
PRE1,67,E03,TouchClavi,Kb,CLAVI
PRE1,68,E04,Marimbell1,Cp,MALLET
PRE1,69,E05,Marimbell2,Cp,MALLET
PRE1,70,E06,Kalimbell,Cp,MALLET
PRE1,71,E07,Tibetan,Cp,BELL
PRE1,72,E08,Gamelan,Cp,BELL
PRE1,73,E09,HandBell,Cp,BELL
PRE1,74,E10,VibesBowMW,Cp,MALLET
PRE1,75,E11,Metal Fish,Cp,BELL
PRE1,76,E12,BazaarBels,Cp,BELL
PRE1,77,E13,MysticBowl,Cp,BELL
PRE1,78,E14,Twinkle,Cp,BELL
PRE1,79,E15,Stick Bell,Cp,BELL
PRE1,80,E16,IceBells,Cp,BELL
PRE1,81,F01,ChorusBell,Cp,BELL
PRE1,82,F02,Bell Ice,Cp,BELL
PRE1,83,F03,Stack Bell,Cp,BELL
PRE1,84,F04,Bell Chiff,Cp,BELL
PRE1,85,F05,Nice Bell,Cp,BELL
PRE1,86,F06,NoisyBell,Cp,BELL
PRE1,87,F07,Sako Bell,Cp,BELL
PRE1,88,F08,J-Pop,Cp,BELL
PRE1,89,F09,SynStlDrm,Cp,MALLET
PRE1,90,F10,ToyPiano,Kb,OTHER
PRE1,91,F11,WoodBell,Cp,BELL
PRE1,92,F12,IslandBell,Cp,BELL
PRE1,93,F13,Log&Drum,Cp,PERC.
PRE1,94,F14,Tmp/Bl/Glk,Cp,BELL
PRE1,95,F15,VelOrcPerc,Cp,PERC.
PRE1,96,F16,Petit,Or,ELEC.
PRE1,97,G01,Impromptu,Or,PIPE
PRE1,98,G02,Mixture,Or,PIPE
PRE1,99,G03,St. Paul,Or,PIPE
PRE1,100,G04,Fluty Pipe,Or,PIPE
PRE1,101,G05,St. Peter,Or,PIPE
PRE1,102,G06,Clean,Or,ELEC.
PRE1,103,G07,Reed Split,Or,PIPE
PRE1,104,G08,Tradi,Or,ELEC.
PRE1,105,G09,Sunday,Or,PIPE
PRE1,106,G10,BreathPipe,Or,PIPE
PRE1,107,G11,Reedy Pipe,Or,PIPE
PRE1,108,G12,Medieval,Or,PIPE
PRE1,109,G13,Prelude,Or,PIPE
PRE1,110,G14,Ooh Pipes,Or,PIPE
PRE1,111,G15,Green Tea,Or,ELEC.
PRE1,112,G16,Bass Walk,Or,ELEC.
PRE1,113,H01,Amped,Or,ELEC.
PRE1,114,H02,Vintage C,Or,ELEC.
PRE1,115,H03,Dave's B,Or,ELEC.
PRE1,116,H04,2ndPerc,Or,ELEC.
PRE1,117,H05,16+8+5&1/3,Or,ELEC.
PRE1,118,H06,Jazzy 1,Or,ELEC.
PRE1,119,H07,Jazzy 2,Or,ELEC.
PRE1,120,H08,Glassy,Or,ELEC.
PRE1,121,H09,Slow Jam,Or,ELEC.
PRE1,122,H10,Greasy,Or,ELEC.
PRE1,123,H11,Swishie,Or,ELEC.
PRE1,124,H12,Full/CVib,Or,ELEC.
PRE1,125,H13,Mellow,Or,ELEC.
PRE1,126,H14,Nu Shade,Or,ELEC.
PRE1,127,H15,Cool Cat,Or,ELEC.
PRE1,128,H16,Flutey,Or,ELEC.
PRE2,1,A01,LeftManual,Or,ELEC.
PRE2,2,A02,DrawContrl,Or,ELEC.
PRE2,3,A03,GosplSplit,Or,ELEC.
PRE2,4,A04,Soulemn,Or,ELEC.
PRE2,5,A05,Fully,Or,ELEC.
PRE2,6,A06,Progressy,Or,ELEC.
PRE2,7,A07,Crunchy,Or,ELEC.
PRE2,8,A08,Rocky,Or,ELEC.
PRE2,9,A09,DistFull,Or,ELEC.
PRE2,10,A10,Early Bird,Or,ELEC.
PRE2,11,A11,AnaDrwbr,Or,ELEC.
PRE2,12,A12,Tiny,Or,ELEC.
PRE2,13,A13,Paddy,Or,ELEC.
PRE2,14,A14,Mellow Org,Or,ELEC.
PRE2,15,A15,ResoDrbrs,Or,ELEC.
PRE2,16,A16,OrgPad,Or,OTHER
PRE2,17,B01,Panther,Or,ELEC.
PRE2,18,B02,SawCombo,Or,OTHER
PRE2,19,B03,1967 Keys,Or,ELEC.
PRE2,20,B04,YD-45C,Or,ELEC.
PRE2,21,B05,Compact,Or,ELEC.
PRE2,22,B06,Spanish,Gt,A.GTR
PRE2,23,B07,Nylon+Harm,Gt,A.GTR
PRE2,24,B08,SimplSteel,Gt,A.GTR
PRE2,25,B09,SteelCmprs,Gt,A.GTR
PRE2,26,B10,Mute&Slide,Gt,A.GTR
PRE2,27,B11,Ac&Harmnic,Gt,A.GTR
PRE2,28,B12,SteelSwtch,Gt,A.GTR
PRE2,29,B13,Mega Steel,Gt,A.GTR
PRE2,30,B14,2StlStrngs,Gt,A.GTR
PRE2,31,B15,12Strings,Gt,A.GTR
PRE2,32,B16,12Str Mono,Gt,A.GTR
PRE2,33,C01,Mega 12str,Gt,A.GTR
PRE2,34,C02,El 12Strng,Gt,E.GTR
PRE2,35,C03,Strange 12,Gt,E.GTR
PRE2,36,C04,CleanEl&Ac,Gt,A.GTR
PRE2,37,C05,Jazzy Pick,Gt,E.GTR
PRE2,38,C06,JazzGtMelo,Gt,E.GTR
PRE2,39,C07,Velo Jazz,Gt,E.GTR
PRE2,40,C08,2CoilAmp1,Gt,E.GTR
PRE2,41,C09,2CoilAmp2,Gt,E.GTR
PRE2,42,C10,60sClean1,Gt,E.GTR
PRE2,43,C11,60sClean2,Gt,E.GTR
PRE2,44,C12,CleanSlap,Gt,E.GTR
PRE2,45,C13,Distant,Gt,E.GTR
PRE2,46,C14,SomeHair,Gt,E.GTR
PRE2,47,C15,MiddyTrem,Gt,E.GTR
PRE2,48,C16,CompDream,Gt,E.GTR
PRE2,49,D01,RotoGtr,Gt,E.GTR
PRE2,50,D02,Alt Rocker,Gt,E.GTR
PRE2,51,D03,Spanky,Gt,E.GTR
PRE2,52,D04,Vin Strum,Gt,E.GTR
PRE2,53,D05,1CoilChors,Gt,E.GTR
PRE2,54,D06,VinTremolo,Gt,E.GTR
PRE2,55,D07,HitItHard,Gt,E.GTR
PRE2,56,D08,PaddyClean,Gt,E.GTR
PRE2,57,D09,Policia,Gt,E.GTR
PRE2,58,D10,Rockabilly,Gt,E.GTR
PRE2,59,D11,Rotator,Gt,E.GTR
PRE2,60,D12,Baby,Gt,E.GTR
PRE2,61,D13,TouchWah,Gt,E.GTR
PRE2,62,D14,Mega Clean,Gt,E.GTR
PRE2,63,D15,OverDriven,Gt,E.GTR
PRE2,64,D16,TexBoogie,Gt,E.GTR
PRE2,65,E01,DynamicAmp,Gt,E.GTR
PRE2,66,E02,Drive,Gt,E.GTR
PRE2,67,E03,SnakeFingr,Gt,E.GTR
PRE2,68,E04,Feedbacker,Gt,E.GTR
PRE2,69,E05,KilrWhammy,Gt,E.GTR
PRE2,70,E06,Voodooman,Gt,E.GTR
PRE2,71,E07,CrunchyGtr,Gt,E.GTR
PRE2,72,E08,SmallAmp,Gt,E.GTR
PRE2,73,E09,LatinLover,Gt,E.GTR
PRE2,74,E10,Still Blue,Gt,E.GTR
PRE2,75,E11,59 Combo,Gt,E.GTR
PRE2,76,E12,BlueLead,Gt,E.GTR
PRE2,77,E13,Chugga,Gt,E.GTR
PRE2,78,E14,Metal Mute,Gt,E.GTR
PRE2,79,E15,OverTheTop,Gt,E.GTR
PRE2,80,E16,Beater,Gt,E.GTR
PRE2,81,F01,Mega OvrDv,Gt,E.GTR
PRE2,82,F02,Mega Dist,Gt,E.GTR
PRE2,83,F03,Upright,Ba,A.BASS
PRE2,84,F04,Groovin'Bs,Ba,A.BASS
PRE2,85,F05,VeloGrowl,Ba,A.BASS
PRE2,86,F06,Mega Acous,Ba,A.BASS
PRE2,87,F07,FingerPBs,Ba,E.BASS
PRE2,88,F08,PrecFW,Ba,E.BASS
PRE2,89,F09,RoundWound,Ba,E.BASS
PRE2,90,F10,ActiveP,Ba,E.BASS
PRE2,91,F11,FretBuzzy,Ba,E.BASS
PRE2,92,F12,3 Sixty Bs,Ba,E.BASS
PRE2,93,F13,S-VeeTee,Ba,E.BASS
PRE2,94,F14,GnarlyBs,Ba,E.BASS
PRE2,95,F15,Reggae,Ba,E.BASS
PRE2,96,F16,BaCement,Ba,E.BASS
PRE2,97,G01,MidRngFngr,Ba,E.BASS
PRE2,98,G02,HybridBs1,Ba,E.BASS
PRE2,99,G03,HybridBs2,Ba,E.BASS
PRE2,100,G04,PrecAmped,Ba,E.BASS
PRE2,101,G05,FingBsAmp,Ba,E.BASS
PRE2,102,G06,PBasFngDst,Ba,E.BASS
PRE2,103,G07,FuzzBass,Ba,E.BASS
PRE2,104,G08,MegaFngHrm,Ba,E.BASS
PRE2,105,G09,Velo Bass,Ba,E.BASS
PRE2,106,G10,SlapSwitch,Ba,E.BASS
PRE2,107,G11,Mega Fingr,Ba,E.BASS
PRE2,108,G12,Mega Slap,Ba,E.BASS
PRE2,109,G13,Chilli,Ba,E.BASS
PRE2,110,G14,PickOpen,Ba,E.BASS
PRE2,111,G15,PickPull,Ba,E.BASS
PRE2,112,G16,PickMuteDr,Ba,E.BASS
PRE2,113,H01,New Pick,Ba,E.BASS
PRE2,114,H02,Mega Pick,Ba,E.BASS
PRE2,115,H03,FretlesDry,Ba,E.BASS
PRE2,116,H04,FretlsSolo,Ba,E.BASS
PRE2,117,H05,Mega Frtls,Ba,E.BASS
PRE2,118,H06,Violin 1,St,SOLO
PRE2,119,H07,Violin 2,St,SOLO
PRE2,120,H08,Fiddler,St,SOLO
PRE2,121,H09,Viola 1,St,SOLO
PRE2,122,H10,Viola 2,St,SOLO
PRE2,123,H11,Cello 1,St,SOLO
PRE2,124,H12,Cello 2,St,SOLO
PRE2,125,H13,Solo 1,St,SOLO
PRE2,126,H14,Solo 2,St,SOLO
PRE2,127,H15,SoloSpicat,St,SOLO
PRE2,128,H16,ContraBass,St,SOLO
PRE3,1,A01,2 Violins,St,ENSEM.
PRE3,2,A02,2 Violas,St,ENSEM.
PRE3,3,A03,2 Cellos,St,ENSEM.
PRE3,4,A04,Cello Duet,St,ENSEM.
PRE3,5,A05,2 Solos,St,ENSEM.
PRE3,6,A06,CelloEnsem,St,ENSEM.
PRE3,7,A07,ViolaEnsem,St,ENSEM.
PRE3,8,A08,ViolnEnsem,St,ENSEM.
PRE3,9,A09,CB. Sect,St,ENSEM.
PRE3,10,A10,SmallSect1,St,ENSEM.
PRE3,11,A11,SmallSect2,St,ENSEM.
PRE3,12,A12,MediumEns,St,ENSEM.
PRE3,13,A13,Violin Mix,St,ENSEM.
PRE3,14,A14,SpicaLines,St,ENSEM.
PRE3,15,A15,Hard Bow,St,ENSEM.
PRE3,16,A16,BackGround,St,ENSEM.
PRE3,17,B01,Hophead,St,ENSEM.
PRE3,18,B02,HoleString,St,ENSEM.
PRE3,19,B03,Ens Mix,St,ENSEM.
PRE3,20,B04,Hard Ens,St,ENSEM.
PRE3,21,B05,VeloString,St,ENSEM.
PRE3,22,B06,BigStrings,St,ENSEM.
PRE3,23,B07,Lush,St,ENSEM.
PRE3,24,B08,MutedSect,St,ENSEM.
PRE3,25,B09,BigSymphny,St,ENSEM.
PRE3,26,B10,3 8ve Lush,St,ENSEM.
PRE3,27,B11,3 8ve Hard,St,ENSEM.
PRE3,28,B12,BeautyHarp,Gt,PLUCK
PRE3,29,B13,StereoHarp,Gt,PLUCK
PRE3,30,B14,PizzEns,St,ENSEM.
PRE3,31,B15,PizzSect,St,ENSEM.
PRE3,32,B16,Oct Pizz,St,ENSEM.
PRE3,33,C01,OrchstrlPl,St,ENSEM.
PRE3,34,C02,PWMStrings,St,SYNTH
PRE3,35,C03,Lightpad,St,SYNTH
PRE3,36,C04,Noble Pad,St,SYNTH
PRE3,37,C05,Romantic,St,SYNTH
PRE3,38,C06,Stringy,St,SYNTH
PRE3,39,C07,MournStrgs,St,SYNTH
PRE3,40,C08,JP Strings,St,SYNTH
PRE3,41,C09,3Osc Vintg,St,SYNTH
PRE3,42,C10,Superstrgs,St,SYNTH
PRE3,43,C11,VP Soft,St,SYNTH
PRE3,44,C12,PWM Simple,St,SYNTH
PRE3,45,C13,DblChorus,St,SYNTH
PRE3,46,C14,Old String,St,ENSEM.
PRE3,47,C15,PhaseStrgs,St,SYNTH
PRE3,48,C16,Oct String,St,SYNTH
PRE3,49,D01,3 Octave,St,SYNTH
PRE3,50,D02,StrMachine,St,SYNTH
PRE3,51,D03,SS-40,St,SYNTH
PRE3,52,D04,TapeStrngs,St,SYNTH
PRE3,53,D05,SlowSuckr,St,SYNTH
PRE3,54,D06,TrpRomantc,Br,SOLO
PRE3,55,D07,PiccoloTpt,Br,SOLO
PRE3,56,D08,DynoTrumpt,Br,SOLO
PRE3,57,D09,SoftJazzTp,Br,SOLO
PRE3,58,D10,BaroqTrpt,Br,SOLO
PRE3,59,D11,Phase Mute,Br,SOLO
PRE3,60,D12,Legend,Br,SOLO
PRE3,61,D13,2 Trumpets,Br,SECTION
PRE3,62,D14,Fluegel,Br,SOLO
PRE3,63,D15,JazyFlugel,Br,SOLO
PRE3,64,D16,Trombone,Br,SOLO
PRE3,65,E01,BlownBone,Br,SOLO
PRE3,66,E02,BoneSectn,Br,SECTION
PRE3,67,E03,FrenchHorn,Br,SOLO
PRE3,68,E04,FrHornSect,Br,SECTION
PRE3,69,E05,Big French,Br,SECTION
PRE3,70,E06,MovieHorns,Br,SECTION
PRE3,71,E07,Symphonic,Br,SECTION
PRE3,72,E08,Symphony,Br,SECTION
PRE3,73,E09,SymphoBrs,Br,SECTION
PRE3,74,E10,SlowAttack,Br,SECTION
PRE3,75,E11,SoftVeloBr,Br,SECTION
PRE3,76,E12,Soft Brass,Br,SECTION
PRE3,77,E13,Velo Brass,Br,SECTION
PRE3,78,E14,SmlBrSect,Br,SECTION
PRE3,79,E15,Fanfare,Br,SECTION
PRE3,80,E16,Big&Brite,Br,SECTION
PRE3,81,F01,PowerSect,Br,SECTION
PRE3,82,F02,VeloFalls,Br,SECTION
PRE3,83,F03,StabDance,Br,SECTION
PRE3,84,F04,Mono Sect,Br,SECTION
PRE3,85,F05,Sforzando,Br,SECTION
PRE3,86,F06,Big Band 1,Br,SECTION
PRE3,87,F07,Big Band 2,Br,SECTION
PRE3,88,F08,SaxBigBand,Br,SECTION
PRE3,89,F09,Hybrid,Br,SECTION
PRE3,90,F10,HybridSect,Br,SECTION
PRE3,91,F11,VeloSynBr,Br,SECTION
PRE3,92,F12,CS-90,Br,SYNTH
PRE3,93,F13,FM Brass,Br,SYNTH
PRE3,94,F14,Thinth,Br,SYNTH
PRE3,95,F15,QuietBrass,Br,SYNTH
PRE3,96,F16,Big Syn,Br,SYNTH
PRE3,97,G01,ObStuff,Br,SYNTH
PRE3,98,G02,OberBrass,Br,SYNTH
PRE3,99,G03,OberHorns,Br,SYNTH
PRE3,100,G04,ObSoft,Br,SYNTH
PRE3,101,G05,T Brass,Br,SYNTH
PRE3,102,G06,BigSquish,Br,SYNTH
PRE3,103,G07,Slow PWM,Br,SYNTH
PRE3,104,G08,Soft 5th,Br,SYNTH
PRE3,105,G09,Timeless,Br,SYNTH
PRE3,106,G10,After 1984,Br,SYNTH
PRE3,107,G11,Prophy,Br,SYNTH
PRE3,108,G12,Kustom,Br,SYNTH
PRE3,109,G13,Soprano,Rp,SAX/RD
PRE3,110,G14,SoprnoSoft,Rp,SAX/RD
PRE3,111,G15,Alto Vib,Rp,SAX/RD
PRE3,112,G16,Velo Alto,Rp,SAX/RD
PRE3,113,H01,Tenor Soft,Rp,SAX/RD
PRE3,114,H02,TenorSax1,Rp,SAX/RD
PRE3,115,H03,Hip Bari,Rp,SAX/RD
PRE3,116,H04,4 Brothers,Rp,SAX/RD
PRE3,117,H05,Sweet Oboe,Rp,SAX/RD
PRE3,118,H06,SmoothOboe,Rp,SAX/RD
PRE3,119,H07,BassoonVib,Rp,SAX/RD
PRE3,120,H08,Clarinet 1,Rp,SAX/RD
PRE3,121,H09,WW Trio,Rp,SAX/RD
PRE3,122,H10,DblRdQuart,Rp,SAX/RD
PRE3,123,H11,C Flute,Rp,PIPE
PRE3,124,H12,SweetFlute,Rp,PIPE
PRE3,125,H13,TapeFlute,Rp,PIPE
PRE3,126,H14,IrishPipe,Rp,PIPE
PRE3,127,H15,BluzDistrt,Rp,OTHER
PRE3,128,H16,Campfire,Rp,OTHER
PRE4,1,A01,TootsyHarp,Rp,OTHER
PRE4,2,A02,WoodyHarp,Rp,OTHER
PRE4,3,A03,Santur,Gt,PLUCK
PRE4,4,A04,Baglama,Gt,PLUCK
PRE4,5,A05,Kotoun,Gt,PLUCK
PRE4,6,A06,Kanun,Gt,PLUCK
PRE4,7,A07,Bazouk,Gt,PLUCK
PRE4,8,A08,Bouzuki,Gt,PLUCK
PRE4,9,A09,Oud,Gt,PLUCK
PRE4,10,A10,SazFeeze,Gt,PLUCK
PRE4,11,A11,IndianFlai,Pd,BRIGHT
PRE4,12,A12,Tamburax,Pd,BRIGHT
PRE4,13,A13,WhereAmI?,Gt,PLUCK
PRE4,14,A14,Sakura,Gt,PLUCK
PRE4,15,A15,Nomad,Gt,PLUCK
PRE4,16,A16,Ney,Rp,PIPE
PRE4,17,B01,Kawala,Rp,PIPE
PRE4,18,B02,Shukran,Co,SPLIT
PRE4,19,B03,Zurna,Rp,OTHER
PRE4,20,B04,Pungi,Rp,OTHER
PRE4,21,B05,Shehnai 1,Rp,OTHER
PRE4,22,B06,Digidoo,Rp,PIPE
PRE4,23,B07,Gagaku,Co,SPLIT
PRE4,24,B08,Kodo,Cp,PERC.
PRE4,25,B09,Djerimbe,Cp,PERC.
PRE4,26,B10,Mbira,Cp,PERC.
PRE4,27,B11,GlassMbira,Cp,PERC.
PRE4,28,B12,Tabla,Dr,PERC.
PRE4,29,B13,Tabla 2,Dr,PERC.
PRE4,30,B14,Tabla Zone,Dr,PERC.
PRE4,31,B15,Udu,Dr,PERC.
PRE4,32,B16,Djembe,Dr,PERC.
PRE4,33,C01,Dhol,Dr,PERC.
PRE4,34,C02,Kemence,St,SOLO
PRE4,35,C03,Kemen Wet,St,SOLO
PRE4,36,C04,Kokyu,St,SOLO
PRE4,37,C05,Yayli,St,ENSEM.
PRE4,38,C06,ChurchOohs,Pd,CHOIR
PRE4,39,C07,Dark Ooh,Pd,CHOIR
PRE4,40,C08,BrightHaah,Pd,CHOIR
PRE4,41,C09,Ooh-Aah,Pd,CHOIR
PRE4,42,C10,SynChoir,Pd,CHOIR
PRE4,43,C11,Nativity,Pd,CHOIR
PRE4,44,C12,PeaceVox,Pd,CHOIR
PRE4,45,C13,AngelVoice,Pd,CHOIR
PRE4,46,C14,SpaceChoir,Pd,CHOIR
PRE4,47,C15,Nebulae,Pd,CHOIR
PRE4,48,C16,GlassChoir,Pd,CHOIR
PRE4,49,D01,Shandala,Pd,CHOIR
PRE4,50,D02,AquaStop,Pd,CHOIR
PRE4,51,D03,Talk Box,Pd,CHOIR
PRE4,52,D04,Paradies,Pd,BRIGHT
PRE4,53,D05,Westerlies,Pd,BRIGHT
PRE4,54,D06,Tibet Ens.,Pd,BRIGHT
PRE4,55,D07,Pan Sphere,Pd,SOFT
PRE4,56,D08,Homesick,Pd,SOFT
PRE4,57,D09,Atlantis,Me,MOTION
PRE4,58,D10,Forest,Me,MOTION
PRE4,59,D11,Analog,Pd,SOFT
PRE4,60,D12,MellowAnlg,Pd,SOFT
PRE4,61,D13,Square,Pd,SOFT
PRE4,62,D14,BackPad MW,Pd,SOFT
PRE4,63,D15,PWM Soft,Pd,SOFT
PRE4,64,D16,Sine Pad,Pd,SOFT
PRE4,65,E01,HighSine,Pd,SOFT
PRE4,66,E02,The Synth,Pd,SOFT
PRE4,67,E03,Ana Dreams,Pd,BRIGHT
PRE4,68,E04,BrassMover,Pd,SOFT
PRE4,69,E05,Dark Light,Pd,SOFT
PRE4,70,E06,Twist Pad,Pd,BRIGHT
PRE4,71,E07,Fat Eight,Pd,BRIGHT
PRE4,72,E08,X-Shower,Pd,BRIGHT
PRE4,73,E09,Digi Stuff,Pd,BRIGHT
PRE4,74,E10,Pure Syn,Pd,BRIGHT
PRE4,75,E11,Voxy Air,Pd,BRIGHT
PRE4,76,E12,SmoothBlue,Pd,SOFT
PRE4,77,E13,DarkVox,Pd,SOFT
PRE4,78,E14,Ore,Pd,SOFT
PRE4,79,E15,Fazer Pad,Pd,BRIGHT
PRE4,80,E16,GreenGiant,Pd,BRIGHT
PRE4,81,F01,Love me,Pd,BRIGHT
PRE4,82,F02,Pearls,Pd,BRIGHT
PRE4,83,F03,Ohm-Like,Pd,SOFT
PRE4,84,F04,AllYouNeed,Pd,BRIGHT
PRE4,85,F05,FrozenVox,Pd,CHOIR
PRE4,86,F06,Sand Pad,Pd,BRIGHT
PRE4,87,F07,Digi Sheen,Pd,BRIGHT
PRE4,88,F08,Eclipse,Me,MOTION
PRE4,89,F09,Arc-light,Pd,BRIGHT
PRE4,90,F10,Grass Arp,Pd,SOFT
PRE4,91,F11,SabreOrgan,Pd,BRIGHT
PRE4,92,F12,Don't Cry!,Pd,BRIGHT
PRE4,93,F13,Vapor,Pd,SOFT
PRE4,94,F14,Silverlake,Pd,SOFT
PRE4,95,F15,FrozenPad,Pd,BRIGHT
PRE4,96,F16,Shine on,Pd,SOFT
PRE4,97,G01,DarkTower,Pd,BRIGHT
PRE4,98,G02,Sadness,Pd,BRIGHT
PRE4,99,G03,Whisperer,Pd,BRIGHT
PRE4,100,G04,MagicSquif,Pd,SOFT
PRE4,101,G05,Keli Mutu,Pd,SOFT
PRE4,102,G06,Mini Three,Ld,HARD
PRE4,103,G07,VintageSaw,Ld,HARD
PRE4,104,G08,Punch Lead,Ld,HARD
PRE4,105,G09,Bright Saw,Ld,HARD
PRE4,106,G10,OrbitSine,Ld,SOFT
PRE4,107,G11,DuckLead,Ld,SOFT
PRE4,108,G12,FunkyPulse,Ld,HARD
PRE4,109,G13,Trojan,Ld,HARD
PRE4,110,G14,Feeling,Ld,SOFT
PRE4,111,G15,Crying,Ld,HARD
PRE4,112,G16,WoodPanel,Ld,HARD
PRE4,113,H01,VocoLead,Ld,HARD
PRE4,114,H02,JustASync,Ld,HARD
PRE4,115,H03,ThinkSync,Ld,HARD
PRE4,116,H04,Atk Reso,Ld,SOFT
PRE4,117,H05,Early Lead,Ld,SOFT
PRE4,118,H06,FlangeFilt,Ld,HARD
PRE4,119,H07,Free LFO,Ld,HARD
PRE4,120,H08,G-Funk,Ld,SOFT
PRE4,121,H09,Lucky,Ld,SOFT
PRE4,122,H10,PulseWound,Ld,HARD
PRE4,123,H11,PWM Lead,Ld,HARD
PRE4,124,H12,Rap Lead 1,Ld,SOFT
PRE4,125,H13,Rap Lead 2,Ld,HARD
PRE4,126,H14,Soft RnB,Ld,SOFT
PRE4,127,H15,Sine Lead,Ld,SOFT
PRE4,128,H16,Singleline,Ld,SOFT
PRE5,1,A01,Soft Lead,Ld,SOFT
PRE5,2,A02,SpaceLead,Ld,HARD
PRE5,3,A03,I.C.U.2.,Ld,SOFT
PRE5,4,A04,Mr. Finger,Ld,SOFT
PRE5,5,A05,Mini Soft,Ld,SOFT
PRE5,6,A06,Green Eyes,Ld,SOFT
PRE5,7,A07,PulseWidth,Ld,HARD
PRE5,8,A08,Inda Night,Ld,SOFT
PRE5,9,A09,NuMini,Ld,SOFT
PRE5,10,A10,Clicky Saw,Ld,SOFT
PRE5,11,A11,SimpleBass,Ba,SYNTH
PRE5,12,A12,Fat Sine,Ba,SYNTH
PRE5,13,A13,Dark Bass,Ba,SYNTH
PRE5,14,A14,OneVoice,Ba,SYNTH
PRE5,15,A15,BobbyBass,Ba,SYNTH
PRE5,16,A16,RnBass,Ba,SYNTH
PRE5,17,B01,Mini Sub,Ba,SYNTH
PRE5,18,B02,Fundamentl,Ba,SYNTH
PRE5,19,B03,FatSineRes,Ba,SYNTH
PRE5,20,B04,BalladBass,Ba,SYNTH
PRE5,21,B05,SingleOsc,Ba,SYNTH
PRE5,22,B06,Pro-Atack,Ba,SYNTH
PRE5,23,B07,SimpleReso,Ba,SYNTH
PRE5,24,B08,Funky Res,Ba,SYNTH
PRE5,25,B09,Unison,Ba,SYNTH
PRE5,26,B10,Moonbass,Ba,SYNTH
PRE5,27,B11,Long Spit,Ba,SYNTH
PRE5,28,B12,Sweeper,Ba,SYNTH
PRE5,29,B13,Bass&Comp!,Ba,SYNTH
PRE5,30,B14,Short PWM,Ba,SYNTH
PRE5,31,B15,Lately,Ba,SYNTH
PRE5,32,B16,Boogie A,Ba,SYNTH
PRE5,33,C01,Dark Uni,Ba,SYNTH
PRE5,34,C02,Boogie B,Ba,SYNTH
PRE5,35,C03,UniPunch,Ba,SYNTH
PRE5,36,C04,Boogie C,Ba,SYNTH
PRE5,37,C05,Clickie,Ba,SYNTH
PRE5,38,C06,Dry Syn,Ba,SYNTH
PRE5,39,C07,Bassline,Ba,SYNTH
PRE5,40,C08,KickBass,Ba,SYNTH
PRE5,41,C09,SomeDoubt,Ba,SYNTH
PRE5,42,C10,MiniClassc,Ba,SYNTH
PRE5,43,C11,West Coast,Ba,SYNTH
PRE5,44,C12,NeedleBs,Ba,SYNTH
PRE5,45,C13,Wazzo,Ba,SYNTH
PRE5,46,C14,VeloMaster,Ba,SYNTH
PRE5,47,C15,KeepDancin,Ba,SYNTH
PRE5,48,C16,Dave,Se,SYNTH
PRE5,49,D01,Willows,Se,SYNTH
PRE5,50,D02,Space,Se,SYNTH
PRE5,51,D03,Network,Se,SYNTH
PRE5,52,D04,Lazerzz,Se,SYNTH
PRE5,53,D05,Wind Blows,Se,NATUR.
PRE5,54,D06,Fire!,Se,NATUR.
PRE5,55,D07,Bullrushes,Se,SYNTH
PRE5,56,D08,Spacecraft,Se,SYNTH
PRE5,57,D09,Storm,Se,NATUR.
PRE5,58,D10,Liama Myst,Se,NATUR.
PRE5,59,D11,Signals,Se,SYNTH
PRE5,60,D12,FX-MWSweep,Se,SYNTH
PRE5,61,D13,Dream Text,Se,SYNTH
PRE5,62,D14,The Gate,Se,SYNTH
PRE5,63,D15,Insanity,Se,SYNTH
PRE5,64,D16,Crazy Mod,Se,SYNTH
PRE5,65,E01,Doppler,Se,SYNTH
PRE5,66,E02,Tron Blip,Se,SYNTH
PRE5,67,E03,NevrRepeat,Se,SYNTH
PRE5,68,E04,StoneArp,Se,SYNTH
PRE5,69,E05,Hellfire,Me,MOTION
PRE5,70,E06,Omniflow,Me,MOTION
PRE5,71,E07,Flutter,Me,MOTION
PRE5,72,E08,Prisoner,Me,MOTION
PRE5,73,E09,Chromosome,Me,MOTION
PRE5,74,E10,Thieves,Me,MOTION
PRE5,75,E11,Lynch Mob,Me,MOTION
PRE5,76,E12,Ivi Atua,Me,MOTION
PRE5,77,E13,Cwmcarn,Me,MOTION
PRE5,78,E14,Alioth,Me,MOTION
PRE5,79,E15,China Bird,Me,MOTION
PRE5,80,E16,Arctis MW,Me,MOTION
PRE5,81,F01,Pad&Loop,Me,MOTION
PRE5,82,F02,Vespers,Me,MOTION
PRE5,83,F03,MIDI Rain,Me,MOTION
PRE5,84,F04,Missing,Me,MOTION
PRE5,85,F05,Algae,Me,MOTION
PRE5,86,F06,Glacy,Me,MOTION
PRE5,87,F07,Orch Hits,Me,HIT
PRE5,88,F08,80's Hit,Me,HIT
PRE5,89,F09,Chaser,Me,MOTION
PRE5,90,F10,CosmicRain,Me,MOTION
PRE5,91,F11,Galactic,Pd,CHOIR
PRE5,92,F12,Mckinley,Me,MOTION
PRE5,93,F13,Glass Tube,Me,MOTION
PRE5,94,F14,ModrnWinds,Me,MOTION
PRE5,95,F15,Red Dragon,Me,MOTION
PRE5,96,F16,Wireman,Sc,HARD
PRE5,97,G01,After All,Sc,SOFT
PRE5,98,G02,QuickPunch,Sc,HARD
PRE5,99,G03,PolyMaster,Sc,HARD
PRE5,100,G04,BigComp,Sc,HARD
PRE5,101,G05,NoizRezz,Sc,HARD
PRE5,102,G06,RezzPunch,Sc,HARD
PRE5,103,G07,Straight,Sc,HARD
PRE5,104,G08,Light Comp,Sc,HARD
PRE5,105,G09,Cool Tech,Sc,HARD
PRE5,106,G10,Talker,Sc,HARD
PRE5,107,G11,Icing,Sc,SOFT
PRE5,108,G12,Wobbly,Sc,SOFT
PRE5,109,G13,A.J.,Sc,HARD
PRE5,110,G14,NightWatch,Sc,HARD
PRE5,111,G15,StringBell,Sc,SOFT
PRE5,112,G16,Nightfall,Sc,SOFT
PRE5,113,H01,Antares,Sc,HARD
PRE5,114,H02,Airy Nylon,Sc,SOFT
PRE5,115,H03,Retro,Sc,HARD
PRE5,116,H04,NeoCrystal,Sc,HARD
PRE5,117,H05,Sweetland,Sc,SOFT
PRE5,118,H06,Soleil,Sc,SOFT
PRE5,119,H07,PopularSyn,Sc,HARD
PRE5,120,H08,Twilight,Sc,SOFT
PRE5,121,H09,Long Walk,Sc,SOFT
PRE5,122,H10,GX1,Sc,HARD
PRE5,123,H11,PWM Percu,Sc,HARD
PRE5,124,H12,ResoClavi,Sc,HARD
PRE5,125,H13,Ore-Tech,Sc,HARD
PRE5,126,H14,PlukdThing,Sc,HARD
PRE5,127,H15,PluckBells,Sc,HARD
PRE5,128,H16,Sine Comp,Sc,SOFT
PRE6,1,A01,Aggressor,Co,SEQ
PRE6,2,A02,PNut Brit,Co,SEQ
PRE6,3,A03,British,Co,SEQ
PRE6,4,A04,Wavepanner,Co,SEQ
PRE6,5,A05,Pounder,Co,SEQ
PRE6,6,A06,Teck-no,Co,SEQ
PRE6,7,A07,FreshCut,Co,SEQ
PRE6,8,A08,Zhuffle,Co,SEQ
PRE6,9,A09,Vanilla,Co,SEQ
PRE6,10,A10,XDance,Br,SYNTH
PRE6,11,A11,TrncHook,Ld,HARD
PRE6,12,A12,Portatone,Ld,HARD
PRE6,13,A13,Mayday MW,Ld,SOFT
PRE6,14,A14,Moon Dots,Sc,SOFT
PRE6,15,A15,Dyna Ring,Me,MOTION
PRE6,16,A16,Flangewall,Pd,BRIGHT
PRE6,17,B01,Seraphim,Pd,CHOIR
PRE6,18,B02,BPFx,Pd,BRIGHT
PRE6,19,B03,HPF+LPFpad,Pd,BRIGHT
PRE6,20,B04,PWM Wall,Pd,BRIGHT
PRE6,21,B05,Trance MW,Pd,BRIGHT
PRE6,22,B06,Long HiPa,Me,MOTION
PRE6,23,B07,Pad&Syn,Pd,BRIGHT
PRE6,24,B08,LFO String,St,SYNTH
PRE6,25,B09,Phat Dino,Ld,HARD
PRE6,26,B10,Big Drone,Ld,HARD
PRE6,27,B11,Big Lead,Ld,HARD
PRE6,28,B12,TrncMelody,Ld,SOFT
PRE6,29,B13,FaaatDance,Sc,HARD
PRE6,30,B14,Fast PWM,Ba,SYNTH
PRE6,31,B15,Phat Three,Ba,SYNTH
PRE6,32,B16,BassPedal,Ba,SYNTH
PRE6,33,C01,Hypervelo,Ba,SYNTH
PRE6,34,C02,NoiseBass,Ba,SYNTH
PRE6,35,C03,Alias Bass,Ba,SYNTH
PRE6,36,C04,BassBubble,Ba,SYNTH
PRE6,37,C05,Boom Bass,Ba,SYNTH
PRE6,38,C06,Doom Bass,Ba,SYNTH
PRE6,39,C07,Pulse Step,Ba,SYNTH
PRE6,40,C08,Acidd,Ba,SYNTH
PRE6,41,C09,TranceBass,Ba,SYNTH
PRE6,42,C10,Ambi Bass,Co,SEQ
PRE6,43,C11,Deep Point,Ba,SYNTH
PRE6,44,C12,Phat Step,Ba,SYNTH
PRE6,45,C13,WinterBlue,Me,MOTION
PRE6,46,C14,Sprocket,Se,SYNTH
PRE6,47,C15,Zippers,Se,SYNTH
PRE6,48,C16,Ringvoxx,Se,SYNTH
PRE6,49,D01,Crazy Bird,Se,SYNTH
PRE6,50,D02,Bitzz MW,Se,SYNTH
PRE6,51,D03,Dirtbox,Se,SYNTH
PRE6,52,D04,P.S.O.L.,Me,MOTION
PRE6,53,D05,ProtoType,Me,MOTION
PRE6,54,D06,Bit Stream,Me,MOTION
PRE6,55,D07,Asp,Se,SYNTH
PRE6,56,D08,XtremeRezz,Me,MOTION
PRE6,57,D09,Ambi Bite,Me,HIT
PRE6,58,D10,RevReality,Se,SYNTH
PRE6,59,D11,Francios,Me,MOTION
PRE6,60,D12,LoFi-Maj7,Pd,SOFT
PRE6,61,D13,Ambi Pizz,St,ENSEM.
PRE6,62,D14,Dark'n'Lit,Me,MOTION
PRE6,63,D15,MirrorRing,Me,MOTION
PRE6,64,D16,Clusters,Me,MOTION
PRE6,65,E01,Interlude,Me,MOTION
PRE6,66,E02,C Theme,Me,MOTION
PRE6,67,E03,Horizon,Me,MOTION
PRE6,68,E04,Talkmaster,Me,MOTION
PRE6,69,E05,Bit Space,Me,MOTION
PRE6,70,E06,Thexism,Se,SYNTH
PRE6,71,E07,Cardomen,Me,MOTION
PRE6,72,E08,EkoWhistle,Me,MOTION
PRE6,73,E09,Fathoms,Pd,SOFT
PRE6,74,E10,Moai,Sc,HARD
PRE6,75,E11,M-Trance,Sc,HARD
PRE6,76,E12,HPF Dance,Ld,HARD
PRE6,77,E13,PowerWheel,Ld,HARD
PRE6,78,E14,ShineChord,Sc,HARD
PRE6,79,E15,Hip Voice,Sc,HARD
PRE6,80,E16,Vocotouch,Sc,HARD
PRE6,81,F01,Voxy Ninth,Sc,HARD
PRE6,82,F02,Stabby,Sc,HARD
PRE6,83,F03,DetroitSta,Sc,HARD
PRE6,84,F04,Corrado,Sc,HARD
PRE6,85,F05,Hit&Down,Me,HIT
PRE6,86,F06,FilterHit,Me,HIT
PRE6,87,F07,Griffin,Sc,HARD
PRE6,88,F08,Olde Skool,Sc,HARD
PRE6,89,F09,Four Skids,Co,SPLIT
PRE6,90,F10,TranceStab,Sc,HARD
PRE6,91,F11,UFOric,Co,SEQ
PRE6,92,F12,Strong Jam,Co,SEQ
PRE6,93,F13,Poly HPF,Co,SEQ
PRE6,94,F14,SweetNoize,Co,SEQ
PRE6,95,F15,Bollinger,Or,OTHER
PRE6,96,F16,Moet,Or,OTHER
PRE6,97,G01,Step Dance,Co,SEQ
PRE6,98,G02,QuadSwell,Me,MOTION
PRE6,99,G03,Slice Pad,Me,MOTION
PRE6,100,G04,Wake Up,Pd,BRIGHT
PRE6,101,G05,CrushPadMW,Me,MOTION
PRE6,102,G06,EuroKidz,Co,SEQ
PRE6,103,G07,Oxide,Ba,SYNTH
PRE6,104,G08,DistortoBa,Ba,SYNTH
PRE6,105,G09,Old House,Ba,SYNTH
PRE6,106,G10,Dee Tune,Ba,SYNTH
PRE6,107,G11,VolumePedl,Gt,E.GTR
PRE6,108,G12,PolyTrance,Co,SEQ
PRE6,109,G13,SimplyRndm,Co,SEQ
PRE6,110,G14,Euro,Co,SEQ
PRE6,111,G15,Soft Ice,Co,SEQ
PRE6,112,G16,The Ripper,Se,SYNTH
PRE6,113,H01,X-fade Pad,Pd,SOFT
PRE6,114,H02,ChillGtr,Gt,E.GTR
PRE6,115,H03,QuietNight,Me,MOTION
PRE6,116,H04,Taken,Me,MOTION
PRE6,117,H05,Lost Ring,Me,MOTION
PRE6,118,H06,PlasmaWarp,Me,MOTION
PRE6,119,H07,Queens,Sc,HARD
PRE6,120,H08,Mizar,Sc,HARD
PRE6,121,H09,PulseSus,Sc,HARD
PRE6,122,H10,Pinz,Sc,SOFT
PRE6,123,H11,Secrets,Me,MOTION
PRE6,124,H12,Ar-tic,Me,MOTION
PRE6,125,H13,My Reality,Me,MOTION
PRE6,126,H14,Gladiator,Me,MOTION
PRE6,127,H15,Chordz,Ld,HARD
PRE6,128,H16,Trancious,Pd,BRIGHT
USR1,1,A01,Unplugged,Gt,A.GTR
USR1,2,A02,FolkGuitar,Gt,A.GTR
USR1,3,A03,Strum12Str,Gt,A.GTR
USR1,4,A04,Thin Pick,Gt,A.GTR
USR1,5,A05,ThickStrum,Gt,A.GTR
USR1,6,A06,LazyChorus,Gt,A.GTR
USR1,7,A07,Latin Jam,Gt,A.GTR
USR1,8,A08,Slippery,Gt,A.GTR
USR1,9,A09,Nylon Arp,Gt,A.GTR
USR1,10,A10,WackaWacka,Gt,E.GTR
USR1,11,A11,Touch Funk,Gt,A.GTR
USR1,12,A12,Funk Star,Gt,E.GTR
USR1,13,A13,Clean Funk,Gt,E.GTR
USR1,14,A14,Riff Rock,Gt,E.GTR
USR1,15,A15,Dist. Lick,Gt,E.GTR
USR1,16,A16,VintageAmp,Gt,E.GTR
USR1,17,B01,RockBackin,Gt,E.GTR
USR1,18,B02,Wah Lead,Gt,E.GTR
USR1,19,B03,OverTopArp,Gt,E.GTR
USR1,20,B04,1stJazzBas,Ba,A.BASS
USR1,21,B05,GroovinArp,Ba,A.BASS
USR1,22,B06,FunkFinger,Ba,E.BASS
USR1,23,B07,Basman12/8,Ba,E.BASS
USR1,24,B08,Slapper,Ba,E.BASS
USR1,25,B09,No Frettin,Ba,E.BASS
USR1,26,B10,PickedBass,Ba,E.BASS
USR1,27,B11,Buzzy Pick,Ba,E.BASS
USR1,28,B12,MellowBass,Ba,E.BASS
USR1,29,B13,FingerComp,Ba,E.BASS
USR1,30,B14,Salsalicio,Ap,A PIANO
USR1,31,B15,Montuno,Ap,A PIANO
USR1,32,B16,Mutey Arp,Ap,A PIANO
USR1,33,C01,1FingerRck,Ap,A PIANO
USR1,34,C02,ClubBackin,Ap,A PIANO
USR1,35,C03,VintageArp,Kb,E.PIANO
USR1,36,C04,Arp Clavi,Kb,CLAVI
USR1,37,C05,House Org,Or,ELEC.
USR1,38,C06,Bali Bells,Cp,BELL
USR1,39,C07,Bell Shop,Cp,BELL
USR1,40,C08,StringPart,St,ENSEM.
USR1,41,C09,The Sneak,St,ENSEM.
USR1,42,C10,Pizz Arp,St,ENSEM.
USR1,43,C11,Harp Arp,St,SOLO
USR1,44,C12,HeavenSent,Co,SEQ
USR1,45,C13,Quiet Orch,Br,SECTION
USR1,46,C14,Funk Bros,Br,SECTION
USR1,47,C15,Fall Arp,Br,SECTION
USR1,48,C16,Velo Flute,Rp,PIPE
USR1,49,D01,OrcDrummer,Dr,DRUMS
USR1,50,D02,BaglamaArp,Gt,PLUCK
USR1,51,D03,Karbala 1,Gt,PLUCK
USR1,52,D04,Karbala 2,Gt,PLUCK
USR1,53,D05,Ney Arp,Rp,PIPE
USR1,54,D06,Sunny,Co,SEQ
USR1,55,D07,Afro,Co,SEQ
USR1,56,D08,Ethnology,Co,SEQ
USR1,57,D09,Funk Delhi,Gt,PLUCK
USR1,58,D10,FX Jam,Se,SYNTH
USR1,59,D11,Rap Top,Co,SEQ
USR1,60,D12,MouthShots,Se,SYNTH
USR1,61,D13,R&B Solo,Ld,HARD
USR1,62,D14,Kick Off,Co,SEQ
USR1,63,D15,Embassy,Co,SEQ
USR1,64,D16,Mocha,Co,SEQ
USR1,65,E01,Safari,Co,SEQ
USR1,66,E02,Punchy Saw,Co,SEQ
USR1,67,E03,Mr. Groovy,Co,SEQ
USR1,68,E04,StarDrop,Co,SEQ
USR1,69,E05,SyncArp 1,Co,SEQ
USR1,70,E06,Madhouse,Co,SEQ
USR1,71,E07,CompingPd,Co,SEQ
USR1,72,E08,80's Ens,Co,SEQ
USR1,73,E09,Tribal,Dr,PERC.
USR1,74,E10,SyncArp 2,Co,SEQ
USR1,75,E11,Orongo,Co,SEQ
USR1,76,E12,Chinese,Co,SEQ
USR1,77,E13,Neptune,Co,SEQ
USR1,78,E14,Magician,Co,SEQ
USR1,79,E15,Basic Arp,Co,SEQ
USR1,80,E16,Soundwork,Co,SEQ
USR1,81,F01,For Bertje,Co,SEQ
USR1,82,F02,ANbasicARP,Co,SEQ
USR1,83,F03,Particle,Co,SEQ
USR1,84,F04,FuzzMorf,Co,SEQ
USR1,85,F05,LighTek,Co,SEQ
USR1,86,F06,Creme Cafe,Co,SEQ
USR1,87,F07,Tangerine,Co,SEQ
USR1,88,F08,Chocolate,Co,SEQ
USR1,89,F09,Sushima,Co,SEQ
USR1,90,F10,Metaloop,Co,SEQ
USR1,91,F11,Technokrat,Co,SEQ
USR1,92,F12,Hi 2 Lo MW,Co,SEQ
USR1,93,F13,Engineer,Co,SEQ
USR1,94,F14,Ghana Rain,Co,SEQ
USR1,95,F15,SeqPad,Co,SEQ
USR1,96,F16,Creamy,Co,SEQ
USR1,97,G01,Waterproof,Me,MOTION
USR1,98,G02,RingBell,Co,SEQ
USR1,99,G03,SpectrmArp,Me,MOTION
USR1,100,G04,The Hunter,Co,SEQ
USR1,101,G05,Himalya,Co,SEQ
USR1,102,G06,Bass'n Pad,Co,SEQ
USR1,103,G07,Multi Mod,Co,SEQ
USR1,104,G08,Surprise,Co,SEQ
USR1,105,G09,Quo Vadis,Co,SEQ
USR1,106,G10,Metal Arp,Co,SEQ
USR1,107,G11,DreaminOfU,Co,SEQ
USR1,108,G12,TransmittR,Co,SEQ
USR1,109,G13,Zynitas,Co,SEQ
USR1,110,G14,Pistachio,Co,SEQ
USR1,111,G15,X-Wave,Co,SEQ
USR1,112,G16,Cherry,Co,SEQ
USR1,113,H01,Elec Drum,Co,SEQ
USR1,114,H02,SimpleSize,Co,SEQ
USR1,115,H03,Straighter,Co,SEQ
USR1,116,H04,BollogPuls,Co,SEQ
USR1,117,H05,Strawberry,Co,SEQ
USR1,118,H06,Neon Soda,Co,SEQ
USR1,119,H07,Magnetics,Me,MOTION
USR1,120,H08,Elc.Music,Co,SEQ
USR1,121,H09,ChillOut,Co,SEQ
USR1,122,H10,In My Head,Se,SYNTH
USR1,123,H11,Racer,Se,SYNTH
USR1,124,H12,Jitter,Co,SEQ
USR1,125,H13,Sand ES,Me,MOTION
USR1,126,H14,V.S.E.Seq,Co,SEQ
USR1,127,H15,Dawn,Co,SEQ
USR1,128,H16,LuxAeterna,Me,MOTION
USR2,1,A01,Vanilla,Co,SEQ
USR2,2,A02,Nightfall,Sc,SOFT
USR2,3,A03,BigStrings,St,ENSEM.
USR2,4,A04,Full Grand,Ap,A PIANO
USR2,5,A05,Progressy,Or,ELEC.
USR2,6,A06,Analog,Pd,SOFT
USR2,7,A07,Unplugged,Gt,A.GTR
USR2,8,A08,FunkFinger,Ba,E.BASS
USR2,9,A09,Missing,Me,MOTION
USR2,10,A10,Oud,Gt,PLUCK
USR2,11,A11,FaaatDance,Sc,HARD
USR2,12,A12,Vintage'74,Kb,E.PIANO
USR2,13,A13,Big&Brite,Br,SECTION
USR2,14,A14,Pearls,Pd,BRIGHT
USR2,15,A15,Velo Flute,Rp,PIPE
USR2,16,A16,SimpleBass,Ba,SYNTH
USR2,17,B01,Bass'n Pad,Co,SEQ
USR2,18,B02,Stack Bell,Cp,BELL
USR2,19,B03,2 Violins,St,ENSEM.
USR2,20,B04,Piano&Strg,Ap,OTHER
USR2,21,B05,BreathPipe,Or,PIPE
USR2,22,B06,Homesick,Pd,SOFT
USR2,23,B07,Wah Lead,Gt,E.GTR
USR2,24,B08,VeloGrowl,Ba,A.BASS
USR2,25,B09,NevrRepeat,Se,SYNTH
USR2,26,B10,PizzSect,St,ENSEM.
USR2,27,B11,Big Drone,Ld,HARD
USR2,28,B12,WurliTrem,Kb,E.PIANO
USR2,29,B13,TrpRomantc,Br,SOLO
USR2,30,B14,PhaseStrgs,St,SYNTH
USR2,31,B15,Alto Vib,Rp,SAX/RD
USR2,32,B16,JustASync,Ld,HARD
USR2,33,C01,Zhuffle,Co,SEQ
USR2,34,C02,Paradies,Pd,BRIGHT
USR2,35,C03,BackGround,St,ENSEM.
USR2,36,C04,Old Blues,Ap,A PIANO
USR2,37,C05,Soulemn,Or,ELEC.
USR2,38,C06,Ooh-Aah,Pd,CHOIR
USR2,39,C07,OverDriven,Gt,E.GTR
USR2,40,C08,SlapSwitch,Ba,E.BASS
USR2,41,C09,Network,Se,SYNTH
USR2,42,C10,Santur,Gt,PLUCK
USR2,43,C11,HPF Dance,Ld,HARD
USR2,44,C12,Nu Phasing,Kb,CLAVI
USR2,45,C13,MovieHorns,Br,SECTION
USR2,46,C14,Forest,Me,MOTION
USR2,47,C15,Ney,Rp,PIPE
USR2,48,C16,Pro-Atack,Ba,SYNTH
USR2,49,D01,Wavepanner,Co,SEQ
USR2,50,D02,J-Pop,Cp,BELL
USR2,51,D03,SmallSect1,St,ENSEM.
USR2,52,D04,Ragtime,Ap,A PIANO
USR2,53,D05,Sunday,Or,PIPE
USR2,54,D06,X-Shower,Pd,BRIGHT
USR2,55,D07,Nylon+Harm,Gt,A.GTR
USR2,56,D08,FretBuzzy,Ba,E.BASS
USR2,57,D09,P.S.O.L.,Me,MOTION
USR2,58,D10,StereoHarp,Gt,PLUCK
USR2,59,D11,TrncMelody,Ld,SOFT
USR2,60,D12,Bell DX,Kb,E.PIANO
USR2,61,D13,Legend,Br,SOLO
USR2,62,D14,Eclipse,Me,MOTION
USR2,63,D15,Sweet Oboe,Rp,SAX/RD
USR2,64,D16,Soft RnB,Ld,SOFT
USR2,65,E01,PNut Brit,Co,SEQ
USR2,66,E02,StringBell,Sc,SOFT
USR2,67,E03,MediumEns,St,ENSEM.
USR2,68,E04,RomanticPf,Ap,A PIANO
USR2,69,E05,Full/CVib,Or,ELEC.
USR2,70,E06,ChurchOohs,Pd,CHOIR
USR2,71,E07,Baby,Gt,E.GTR
USR2,72,E08,FretlsSolo,Ba,E.BASS
USR2,73,E09,Sprocket,Se,SYNTH
USR2,74,E10,Tabla Zone,Dr,PERC.
USR2,75,E11,Hypervelo,Ba,SYNTH
USR2,76,E12,Contempo,Kb,E.PIANO
USR2,77,E13,SmlBrSect,Br,SECTION
USR2,78,E14,Tibet Ens.,Pd,BRIGHT
USR2,79,E15,Kawala,Rp,PIPE
USR2,80,E16,Boogie A,Ba,SYNTH
USR2,81,F01,Engineer,Co,SEQ
USR2,82,F02,Bell Chiff,Cp,BELL
USR2,83,F03,CelloEnsem,St,ENSEM.
USR2,84,F04,Aggressive,Ap,A PIANO
USR2,85,F05,Dave's B,Or,ELEC.
USR2,86,F06,PWM Soft,Pd,SOFT
USR2,87,F07,60sClean1,Gt,E.GTR
USR2,88,F08,PickMuteDr,Ba,E.BASS
USR2,89,F09,StoneArp,Se,SYNTH
USR2,90,F10,IndianFlai,Pd,BRIGHT
USR2,91,F11,Portatone,Ld,HARD
USR2,92,F12,SuperClavi,Kb,CLAVI
USR2,93,F13,VeloFalls,Br,SECTION
USR2,94,F14,Silverlake,Pd,SOFT
USR2,95,F15,TenorSax1,Rp,SAX/RD
USR2,96,F16,OrbitSine,Ld,SOFT
USR2,97,G01,80's Ens,Co,SEQ
USR2,98,G02,Soleil,Sc,SOFT
USR2,99,G03,Hophead,St,ENSEM.
USR2,100,G04,BriteGrand,Ap,A PIANO
USR2,101,G05,Amped,Or,ELEC.
USR2,102,G06,BrightHaah,Pd,CHOIR
USR2,103,G07,Feedbacker,Gt,E.GTR
USR2,104,G08,S-VeeTee,Ba,E.BASS
USR2,105,G09,Crazy Mod,Se,SYNTH
USR2,106,G10,Dhol,Dr,PERC.
USR2,107,G11,Dyna Ring,Me,MOTION
USR2,108,G12,R&B Soft,Kb,E.PIANO
USR2,109,G13,HybridSect,Br,SECTION
USR2,110,G14,ModrnWinds,Me,MOTION
USR2,111,G15,IrishPipe,Rp,PIPE
USR2,112,G16,Short PWM,Ba,SYNTH
USR2,113,H01,Pounder,Co,SEQ
USR2,114,H02,Wireman,Sc,HARD
USR2,115,H03,HoleString,St,ENSEM.
USR2,116,H04,CP80&EP,Kb,E.PIANO
USR2,117,H05,Ooh Pipes,Or,PIPE
USR2,118,H06,Old String,St,ENSEM.
USR2,119,H07,1CoilChors,Gt,E.GTR
USR2,120,H08,New Pick,Ba,E.BASS
USR2,121,H09,Spacecraft,Se,SYNTH
USR2,122,H10,Log&Drum,Cp,PERC.
USR2,123,H11,Mayday MW,Ld,SOFT
USR2,124,H12,DynoStrait,Kb,E.PIANO
USR2,125,H13,Trombone,Br,SOLO
USR2,126,H14,Lynch Mob,Me,MOTION
USR2,127,H15,DblRdQuart,Rp,SAX/RD
USR2,128,H16,SpaceLead,Ld,HARD
GM,1,A01,ConcertGnd,Ap,A PIANO
GM,2,A02,Rock Brite,Ap,A PIANO
GM,3,A03,CP 2001,Ap,E GRAND
GM,4,A04,Honkytonk,Ap,A PIANO
GM,5,A05,E.Piano 1,Kb,E.PIANO
GM,6,A06,E.Piano 2,Kb,E.PIANO
GM,7,A07,Harpsicord,Kb,OTHER
GM,8,A08,Brite Clav,Kb,CLAVI
GM,9,A09,Celeste,Cp,MALLET
GM,10,A10,Glocken,Cp,MALLET
GM,11,A11,Music Box,Cp,PERC.
GM,12,A12,Vibes,Cp,MALLET
GM,13,A13,Marimba,Cp,MALLET
GM,14,A14,Xylophone,Cp,MALLET
GM,15,A15,TubulrBel,Cp,BELL
GM,16,A16,Dulcimar,Cp,PERC.
GM,17,B01,Draw Organ,Or,ELEC.
GM,18,B02,Perc Organ,Or,ELEC.
GM,19,B03,Rock Organ,Or,ELEC.
GM,20,B04,ChurchOrgn,Or,PIPE
GM,21,B05,Reed Organ,Or,OTHER
GM,22,B06,Accordion,Kb,OTHER
GM,23,B07,Harmonica,Rp,OTHER
GM,24,B08,TangoAccrd,Kb,OTHER
GM,25,B09,Velo Nylon,Gt,A.GTR
GM,26,B10,Steel,Gt,A.GTR
GM,27,B11,ModernJazz,Gt,E.GTR
GM,28,B12,Clean Gt,Gt,E.GTR
GM,29,B13,Mute,Gt,E.GTR
GM,30,B14,Overdrive,Gt,E.GTR
GM,31,B15,Distortion,Gt,E.GTR
GM,32,B16,Harmonics,Gt,E.GTR
GM,33,C01,Acoustic,Ba,A.BASS
GM,34,C02,FingerBass,Ba,E.BASS
GM,35,C03,PickBass,Ba,E.BASS
GM,36,C04,Fretless,Ba,E.BASS
GM,37,C05,SimpleSlap,Ba,E.BASS
GM,38,C06,FingSlp SW,Ba,E.BASS
GM,39,C07,SynthBass1,Ba,SYNTH
GM,40,C08,SynthBass2,Ba,SYNTH
GM,41,C09,Violin 3,St,SOLO
GM,42,C10,Viola 3,St,SOLO
GM,43,C11,Cello 3,St,SOLO
GM,44,C12,Contrabass,St,SOLO
GM,45,C13,TremoloStr,St,ENSEM.
GM,46,C14,Pizz,St,ENSEM.
GM,47,C15,Harp,Gt,PLUCK
GM,48,C16,Tmpni+Cym,Cp,PERC.
GM,49,D01,StereoSt1,St,ENSEM.
GM,50,D02,StereoSt2,St,ENSEM.
GM,51,D03,Grand Saw,St,SYNTH
GM,52,D04,SynString,St,SYNTH
GM,53,D05,Aah Choir,Pd,CHOIR
GM,54,D06,Ooh Choir,Pd,CHOIR
GM,55,D07,Syn Voice,Pd,CHOIR
GM,56,D08,Orch.Hit,Me,HIT
GM,57,D09,Trumpet,Br,SOLO
GM,58,D10,Trombone2,Br,SOLO
GM,59,D11,Tuba,Br,SOLO
GM,60,D12,MuteTrpt,Br,SOLO
GM,61,D13,F.Horns,Br,SECTION
GM,62,D14,Brass Sect,Br,SECTION
GM,63,D15,SynthBrass,Br,SYNTH
GM,64,D16,SoftBrs GM,Br,SYNTH
GM,65,E01,Soprano2,Rp,SAX/RD
GM,66,E02,Alto Sax,Rp,SAX/RD
GM,67,E03,TenorSax2,Rp,SAX/RD
GM,68,E04,Bari Sax,Rp,SAX/RD
GM,69,E05,Oboe,Rp,SAX/RD
GM,70,E06,Eng.Horn,Rp,SAX/RD
GM,71,E07,Bassoon,Rp,SAX/RD
GM,72,E08,Clarinet 2,Rp,SAX/RD
GM,73,E09,Piccolo,Rp,PIPE
GM,74,E10,Flute,Rp,PIPE
GM,75,E11,Recorder,Rp,PIPE
GM,76,E12,Panflute,Rp,PIPE
GM,77,E13,Bottle,Rp,PIPE
GM,78,E14,Shakuhachi,Rp,PIPE
GM,79,E15,Whistle,Rp,PIPE
GM,80,E16,Ocarina,Rp,PIPE
GM,81,F01,Square Ld,Ld,HARD
GM,82,F02,Saw Ld,Ld,HARD
GM,83,F03,Caliop Ld,Ld,SOFT
GM,84,F04,Chiff Ld,Ld,HARD
GM,85,F05,Charan Ld,Ld,HARD
GM,86,F06,Voice Ld,Ld,SOFT
GM,87,F07,Fifth Ld,Ld,HARD
GM,88,F08,Bass&Ld,Ld,HARD
GM,89,F09,New Age,Pd,BRIGHT
GM,90,F10,Warm Pad,Pd,SOFT
GM,91,F11,Poly Synth,Pd,BRIGHT
GM,92,F12,Choir Pad,Pd,CHOIR
GM,93,F13,BowedPad,Pd,SOFT
GM,94,F14,Metal Pad,Pd,BRIGHT
GM,95,F15,Halo Pad,Pd,BRIGHT
GM,96,F16,Sweep Pad,Pd,BRIGHT
GM,97,G01,Rain Pad,Me,MOTION
GM,98,G02,SoundTrack,Pd,BRIGHT
GM,99,G03,Crystal,Cp,BELL
GM,100,G04,Atmosphere,Pd,SOFT
GM,101,G05,Brightness,Sc,HARD
GM,102,G06,Goblin,Me,MOTION
GM,103,G07,Echoes,Me,MOTION
GM,104,G08,Sci-Fi,Pd,BRIGHT
GM,105,G09,Sitar,Gt,PLUCK
GM,106,G10,Banjo,Gt,PLUCK
GM,107,G11,Shamisen,Gt,PLUCK
GM,108,G12,Koto,Gt,PLUCK
GM,109,G13,Kalimba,Cp,PERC.
GM,110,G14,Bagpipe,Rp,SAX/RD
GM,111,G15,Fiddle,St,SOLO
GM,112,G16,Shehnai 2,Rp,SAX/RD
GM,113,H01,Tinkerbel,Cp,BELL
GM,114,H02,Agogo,Dr,PERC.
GM,115,H03,Steeldrum,Cp,MALLET
GM,116,H04,Woodblock,Dr,PERC.
GM,117,H05,Taikodrum,Dr,PERC.
GM,118,H06,MelodicTom,Dr,DRUMS
GM,119,H07,Synth Drum,Dr,DRUMS
GM,120,H08,Rev Cymbal,Se,SYNTH
GM,121,H09,Fret Noise,Se,NATUR.
GM,122,H10,BreathNoiz,Se,NATUR.
GM,123,H11,Seashore,Se,NATUR.
GM,124,H12,Tweet,Se,NATUR.
GM,125,H13,Telephone,Se,NATUR.
GM,126,H14,Helicopter,Se,NATUR.
GM,127,H15,Applause,Se,NATUR.
GM,128,H16,Gunshot,Se,NATUR.
PREDRUM,1,A01,Hyper Std,,
PREDRUM,2,A02,DryStandrd,,
PREDRUM,3,A03,NewRock,,
PREDRUM,4,A04,RockSt1,,
PREDRUM,5,A05,RockSt2,,
PREDRUM,6,A06,RockMono1,,
PREDRUM,7,A07,RockMono2,,
PREDRUM,8,A08,Hip Hop1,,
PREDRUM,9,A09,Hip Hop2,,
PREDRUM,10,A10,Hip Hop3,,
PREDRUM,11,A11,Hip Hop4,,
PREDRUM,12,A12,Hip Hop5,,
PREDRUM,13,A13,Hip Hop6,,
PREDRUM,14,A14,HipStick1,,
PREDRUM,15,A15,HipStick2,,
PREDRUM,16,A16,HipStick3,,
PREDRUM,17,B01,HipStick4,,
PREDRUM,18,B02,T9HipKit1,,
PREDRUM,19,B03,T9HipKit2,,
PREDRUM,20,B04,R&B Kit1,,
PREDRUM,21,B05,R&B Kit2,,
PREDRUM,22,B06,R&B Kit3,,
PREDRUM,23,B07,AnalogT9,,
PREDRUM,24,B08,AnalogT8,,
PREDRUM,25,B09,Tekno Kit,,
PREDRUM,26,B10,House Kit1,,
PREDRUM,27,B11,House Kit2,,
PREDRUM,28,B12,Big Kit,,
PREDRUM,29,B13,Break Kit,,
PREDRUM,30,B14,Drum'nBass,,
PREDRUM,31,B15,Acid Kit,,
PREDRUM,32,B16,Jungle Kit,,
PREDRUM,33,C01,Electric,,
PREDRUM,34,C02,Human Kit,,
PREDRUM,35,C03,Hard Kit,,
PREDRUM,36,C04,Distorted,,
PREDRUM,37,C05,Ambient,,
PREDRUM,38,C06,Jazz Kit,,
PREDRUM,39,C07,Orchestral,,
PREDRUM,40,C08,Garage,,
PREDRUM,41,C09,All Round,,
PREDRUM,42,C10,Rock Multi,,
PREDRUM,43,C11,Hip Multi,,
PREDRUM,44,C12,Percussion,,
PREDRUM,45,C13,Latin Perc,,
PREDRUM,46,C14,Gtr/Bs Fx,,
PREDRUM,47,C15,Wacko Kit,,
PREDRUM,48,C16,Wood Bits,,
PREDRUM,49,D01,Metal Bits,,
PREDRUM,50,D02,Hands Kit,,
PREDRUM,51,D03,Scratches,,
PREDRUM,52,D04,AcstSnares,,
PREDRUM,53,D05,StSnares,,
PREDRUM,54,D06,AllKicks,,
PREDRUM,55,D07,DanceKick,,
PREDRUM,56,D08,EasySnares,,
PREDRUM,57,D09,Cuban,,
PREDRUM,58,D10,SynPopKit,,
PREDRUM,59,D11,Arabic Mix,,
PREDRUM,60,D12,BellyDance,,
PREDRUM,61,D13,DanceSnare,,
PREDRUM,62,D14,SpecialSFX,,
PREDRUM,63,D15,Synthetic,,
PREDRUM,64,D16,SFX Kit,,
GMDRUM,1,A01,Stereo GM,,